GeneID	State	Prob_Host	Prob_Ameliorated	Prob_Foreign
host_host_0	0	1.0000	0.0000	0.0000
host_host_1	0	1.0000	0.0000	0.0000
host_host_2	0	1.0000	0.0000	0.0000
host_host_3	0	1.0000	0.0000	0.0000
host_host_4	0	1.0000	0.0000	0.0000
host_host_5	0	1.0000	0.0000	0.0000
host_host_6	0	1.0000	0.0000	0.0000
host_host_7	0	1.0000	0.0000	0.0000
host_host_8	0	1.0000	0.0000	0.0000
host_host_9	0	1.0000	0.0000	0.0000
host_host_10	0	1.0000	0.0000	0.0000
host_host_11	0	1.0000	0.0000	0.0000
host_host_12	0	1.0000	0.0000	0.0000
host_host_13	0	1.0000	0.0000	0.0000
host_host_14	0	1.0000	0.0000	0.0000
host_host_15	0	1.0000	0.0000	0.0000
host_host_16	0	1.0000	0.0000	0.0000
host_host_17	0	1.0000	0.0000	0.0000
host_host_18	0	1.0000	0.0000	0.0000
host_host_19	0	1.0000	0.0000	0.0000
host_host_20	0	1.0000	0.0000	0.0000
host_host_21	0	1.0000	0.0000	0.0000
host_host_22	0	1.0000	0.0000	0.0000
host_host_23	0	1.0000	0.0000	0.0000
host_host_24	0	1.0000	0.0000	0.0000
host_host_25	0	0.9992	0.0008	0.0000
host_host_26	0	1.0000	0.0000	0.0000
host_host_27	0	1.0000	0.0000	0.0000
host_host_28	0	1.0000	0.0000	0.0000
host_host_29	0	1.0000	0.0000	0.0000
host_host_30	0	1.0000	0.0000	0.0000
host_host_31	1	0.0000	1.0000	0.0000
host_host_32	0	1.0000	0.0000	0.0000
host_host_33	0	1.0000	0.0000	0.0000
host_host_34	0	1.0000	0.0000	0.0000
host_host_35	0	1.0000	0.0000	0.0000
host_host_36	1	0.0038	0.9962	0.0000
host_host_37	0	1.0000	0.0000	0.0000
host_host_38	0	1.0000	0.0000	0.0000
host_host_39	0	1.0000	0.0000	0.0000
host_host_40	0	1.0000	0.0000	0.0000
host_host_41	0	1.0000	0.0000	0.0000
host_host_42	0	1.0000	0.0000	0.0000
host_host_43	0	1.0000	0.0000	0.0000
host_host_44	0	1.0000	0.0000	0.0000
host_host_45	0	1.0000	0.0000	0.0000
host_host_46	0	1.0000	0.0000	0.0000
host_host_47	0	1.0000	0.0000	0.0000
host_host_48	0	1.0000	0.0000	0.0000
host_host_49	0	1.0000	0.0000	0.0000
host_host_50	0	1.0000	0.0000	0.0000
host_host_51	0	1.0000	0.0000	0.0000
host_host_52	0	1.0000	0.0000	0.0000
host_host_53	0	1.0000	0.0000	0.0000
host_host_54	0	0.9596	0.0404	0.0000
host_host_55	0	1.0000	0.0000	0.0000
host_host_56	0	1.0000	0.0000	0.0000
host_host_57	0	1.0000	0.0000	0.0000
host_host_58	0	1.0000	0.0000	0.0000
host_host_59	0	1.0000	0.0000	0.0000
host_host_60	0	1.0000	0.0000	0.0000
host_host_61	1	0.0000	1.0000	0.0000
host_host_62	0	1.0000	0.0000	0.0000
host_host_63	0	1.0000	0.0000	0.0000
host_host_64	0	1.0000	0.0000	0.0000
host_host_65	0	1.0000	0.0000	0.0000
host_host_66	0	1.0000	0.0000	0.0000
host_host_67	1	0.0000	1.0000	0.0000
host_host_68	0	1.0000	0.0000	0.0000
host_host_69	0	1.0000	0.0000	0.0000
host_host_70	0	1.0000	0.0000	0.0000
host_host_71	0	1.0000	0.0000	0.0000
host_host_72	1	0.0000	1.0000	0.0000
host_host_73	0	1.0000	0.0000	0.0000
host_host_74	0	1.0000	0.0000	0.0000
host_host_75	0	1.0000	0.0000	0.0000
host_host_76	0	1.0000	0.0000	0.0000
host_host_77	0	1.0000	0.0000	0.0000
host_host_78	0	1.0000	0.0000	0.0000
host_host_79	0	1.0000	0.0000	0.0000
host_host_80	1	0.3556	0.6444	0.0000
host_host_81	0	1.0000	0.0000	0.0000
host_host_82	0	1.0000	0.0000	0.0000
host_host_83	0	1.0000	0.0000	0.0000
host_host_84	0	1.0000	0.0000	0.0000
host_host_85	0	1.0000	0.0000	0.0000
host_host_86	0	1.0000	0.0000	0.0000
host_host_87	0	1.0000	0.0000	0.0000
host_host_88	0	1.0000	0.0000	0.0000
host_host_89	0	1.0000	0.0000	0.0000
host_host_90	0	1.0000	0.0000	0.0000
host_host_91	0	1.0000	0.0000	0.0000
host_host_92	0	1.0000	0.0000	0.0000
host_host_93	0	1.0000	0.0000	0.0000
host_host_94	0	1.0000	0.0000	0.0000
host_host_95	0	1.0000	0.0000	0.0000
host_host_96	0	1.0000	0.0000	0.0000
host_host_97	0	1.0000	0.0000	0.0000
host_host_98	0	1.0000	0.0000	0.0000
host_host_99	0	1.0000	0.0000	0.0000
host_host_100	1	0.0000	1.0000	0.0000
host_host_101	0	1.0000	0.0000	0.0000
host_host_102	0	1.0000	0.0000	0.0000
host_host_103	0	1.0000	0.0000	0.0000
host_host_104	0	1.0000	0.0000	0.0000
host_host_105	0	1.0000	0.0000	0.0000
host_host_106	1	0.0000	1.0000	0.0000
host_host_107	0	1.0000	0.0000	0.0000
host_host_108	0	1.0000	0.0000	0.0000
host_host_109	0	1.0000	0.0000	0.0000
host_host_110	0	1.0000	0.0000	0.0000
host_host_111	0	1.0000	0.0000	0.0000
host_host_112	0	1.0000	0.0000	0.0000
host_host_113	0	1.0000	0.0000	0.0000
host_host_114	0	1.0000	0.0000	0.0000
host_host_115	0	1.0000	0.0000	0.0000
host_host_116	0	1.0000	0.0000	0.0000
host_host_117	0	1.0000	0.0000	0.0000
host_host_118	0	1.0000	0.0000	0.0000
host_host_119	0	1.0000	0.0000	0.0000
host_host_120	0	1.0000	0.0000	0.0000
host_host_121	0	1.0000	0.0000	0.0000
host_host_122	0	1.0000	0.0000	0.0000
host_host_123	0	1.0000	0.0000	0.0000
host_host_124	0	1.0000	0.0000	0.0000
host_host_125	0	1.0000	0.0000	0.0000
host_host_126	0	1.0000	0.0000	0.0000
host_host_127	0	1.0000	0.0000	0.0000
host_host_128	0	1.0000	0.0000	0.0000
host_host_129	0	1.0000	0.0000	0.0000
host_host_130	1	0.1548	0.8452	0.0000
host_host_131	0	1.0000	0.0000	0.0000
host_host_132	0	1.0000	0.0000	0.0000
host_host_133	0	1.0000	0.0000	0.0000
host_host_134	0	1.0000	0.0000	0.0000
host_host_135	0	1.0000	0.0000	0.0000
host_host_136	0	1.0000	0.0000	0.0000
host_host_137	0	1.0000	0.0000	0.0000
host_host_138	0	1.0000	0.0000	0.0000
host_host_139	0	1.0000	0.0000	0.0000
host_host_140	0	1.0000	0.0000	0.0000
host_host_141	0	1.0000	0.0000	0.0000
host_host_142	0	1.0000	0.0000	0.0000
host_host_143	0	1.0000	0.0000	0.0000
host_host_144	0	1.0000	0.0000	0.0000
host_host_145	0	1.0000	0.0000	0.0000
host_host_146	0	1.0000	0.0000	0.0000
host_host_147	0	1.0000	0.0000	0.0000
host_host_148	0	1.0000	0.0000	0.0000
host_host_149	0	1.0000	0.0000	0.0000
host_host_150	0	1.0000	0.0000	0.0000
host_host_151	0	1.0000	0.0000	0.0000
host_host_152	0	1.0000	0.0000	0.0000
host_host_153	0	1.0000	0.0000	0.0000
host_host_154	0	1.0000	0.0000	0.0000
host_host_155	0	1.0000	0.0000	0.0000
host_host_156	0	1.0000	0.0000	0.0000
host_host_157	0	1.0000	0.0000	0.0000
host_host_158	0	1.0000	0.0000	0.0000
host_host_159	0	1.0000	0.0000	0.0000
host_host_160	0	1.0000	0.0000	0.0000
host_host_161	0	1.0000	0.0000	0.0000
host_host_162	0	1.0000	0.0000	0.0000
host_host_163	0	1.0000	0.0000	0.0000
host_host_164	0	1.0000	0.0000	0.0000
host_host_165	0	1.0000	0.0000	0.0000
host_host_166	0	1.0000	0.0000	0.0000
host_host_167	0	1.0000	0.0000	0.0000
host_host_168	0	1.0000	0.0000	0.0000
host_host_169	0	1.0000	0.0000	0.0000
host_host_170	0	1.0000	0.0000	0.0000
host_host_171	0	1.0000	0.0000	0.0000
host_host_172	0	1.0000	0.0000	0.0000
host_host_173	0	1.0000	0.0000	0.0000
host_host_174	0	1.0000	0.0000	0.0000
host_host_175	0	1.0000	0.0000	0.0000
host_host_176	0	1.0000	0.0000	0.0000
host_host_177	0	1.0000	0.0000	0.0000
host_host_178	0	1.0000	0.0000	0.0000
host_host_179	0	1.0000	0.0000	0.0000
host_host_180	0	1.0000	0.0000	0.0000
host_host_181	0	1.0000	0.0000	0.0000
host_host_182	0	1.0000	0.0000	0.0000
host_host_183	0	1.0000	0.0000	0.0000
host_host_184	0	1.0000	0.0000	0.0000
host_host_185	0	1.0000	0.0000	0.0000
host_host_186	0	1.0000	0.0000	0.0000
host_host_187	0	1.0000	0.0000	0.0000
host_host_188	0	1.0000	0.0000	0.0000
host_host_189	0	1.0000	0.0000	0.0000
host_host_190	0	1.0000	0.0000	0.0000
host_host_191	0	1.0000	0.0000	0.0000
host_host_192	0	1.0000	0.0000	0.0000
host_host_193	0	1.0000	0.0000	0.0000
host_host_194	0	1.0000	0.0000	0.0000
host_host_195	0	1.0000	0.0000	0.0000
host_host_196	0	1.0000	0.0000	0.0000
host_host_197	0	1.0000	0.0000	0.0000
foreign_foreign_53	2	0.0000	0.0000	1.0000
foreign_foreign_44	2	0.0000	0.0000	1.0000
foreign_foreign_9	2	0.0000	0.0000	1.0000
host_host_198	0	0.9999	0.0001	0.0000
host_host_199	0	1.0000	0.0000	0.0000
host_host_200	0	1.0000	0.0000	0.0000
host_host_201	0	1.0000	0.0000	0.0000
host_host_202	0	1.0000	0.0000	0.0000
host_host_203	0	1.0000	0.0000	0.0000
host_host_204	0	1.0000	0.0000	0.0000
host_host_205	0	1.0000	0.0000	0.0000
host_host_206	0	1.0000	0.0000	0.0000
host_host_207	0	1.0000	0.0000	0.0000
host_host_208	0	1.0000	0.0000	0.0000
host_host_209	0	1.0000	0.0000	0.0000
host_host_210	0	1.0000	0.0000	0.0000
host_host_211	0	1.0000	0.0000	0.0000
host_host_212	0	0.9999	0.0001	0.0000
host_host_213	0	1.0000	0.0000	0.0000
host_host_214	0	1.0000	0.0000	0.0000
host_host_215	0	1.0000	0.0000	0.0000
host_host_216	0	1.0000	0.0000	0.0000
host_host_217	0	1.0000	0.0000	0.0000
host_host_218	0	1.0000	0.0000	0.0000
host_host_219	0	1.0000	0.0000	0.0000
host_host_220	0	1.0000	0.0000	0.0000
host_host_221	0	1.0000	0.0000	0.0000
host_host_222	0	1.0000	0.0000	0.0000
host_host_223	1	0.0044	0.9956	0.0000
host_host_224	0	1.0000	0.0000	0.0000
host_host_225	0	0.9393	0.0607	0.0000
host_host_226	0	1.0000	0.0000	0.0000
host_host_227	0	1.0000	0.0000	0.0000
host_host_228	0	1.0000	0.0000	0.0000
host_host_229	0	1.0000	0.0000	0.0000
host_host_230	0	1.0000	0.0000	0.0000
host_host_231	0	1.0000	0.0000	0.0000
host_host_232	0	1.0000	0.0000	0.0000
host_host_233	0	1.0000	0.0000	0.0000
host_host_234	0	1.0000	0.0000	0.0000
host_host_235	0	1.0000	0.0000	0.0000
host_host_236	0	1.0000	0.0000	0.0000
host_host_237	0	1.0000	0.0000	0.0000
host_host_238	0	1.0000	0.0000	0.0000
host_host_239	0	1.0000	0.0000	0.0000
host_host_240	0	1.0000	0.0000	0.0000
host_host_241	0	1.0000	0.0000	0.0000
host_host_242	0	1.0000	0.0000	0.0000
host_host_243	0	1.0000	0.0000	0.0000
host_host_244	0	1.0000	0.0000	0.0000
host_host_245	0	1.0000	0.0000	0.0000
host_host_246	0	1.0000	0.0000	0.0000
host_host_247	0	1.0000	0.0000	0.0000
host_host_248	0	1.0000	0.0000	0.0000
host_host_249	0	1.0000	0.0000	0.0000
host_host_250	0	1.0000	0.0000	0.0000
host_host_251	0	1.0000	0.0000	0.0000
host_host_252	0	1.0000	0.0000	0.0000
host_host_253	0	1.0000	0.0000	0.0000
host_host_254	0	1.0000	0.0000	0.0000
foreign_foreign_78	2	0.0000	0.0000	1.0000
foreign_foreign_74	2	0.0000	0.0000	1.0000
foreign_foreign_69	2	0.0000	0.0000	1.0000
foreign_foreign_24	2	0.0000	0.0000	1.0000
host_host_255	0	1.0000	0.0000	0.0000
host_host_256	0	1.0000	0.0000	0.0000
host_host_257	0	1.0000	0.0000	0.0000
host_host_258	0	1.0000	0.0000	0.0000
host_host_259	0	1.0000	0.0000	0.0000
foreign_foreign_62	2	0.0000	0.0000	1.0000
foreign_foreign_94	2	0.0000	0.0000	1.0000
foreign_foreign_30	2	0.0000	0.0000	1.0000
foreign_foreign_49	2	0.0000	0.0000	1.0000
foreign_foreign_56	2	0.0000	0.0000	1.0000
foreign_foreign_54	2	0.0000	0.0000	1.0000
foreign_foreign_37	2	0.0000	0.0000	1.0000
host_host_260	0	1.0000	0.0000	0.0000
host_host_261	0	1.0000	0.0000	0.0000
host_host_262	0	1.0000	0.0000	0.0000
host_host_263	0	1.0000	0.0000	0.0000
host_host_264	0	1.0000	0.0000	0.0000
host_host_265	0	1.0000	0.0000	0.0000
host_host_266	0	1.0000	0.0000	0.0000
host_host_267	0	1.0000	0.0000	0.0000
host_host_268	1	0.0003	0.9997	0.0000
host_host_269	0	1.0000	0.0000	0.0000
host_host_270	0	1.0000	0.0000	0.0000
host_host_271	0	1.0000	0.0000	0.0000
host_host_272	0	1.0000	0.0000	0.0000
host_host_273	0	1.0000	0.0000	0.0000
host_host_274	0	1.0000	0.0000	0.0000
host_host_275	0	1.0000	0.0000	0.0000
host_host_276	0	1.0000	0.0000	0.0000
host_host_277	0	1.0000	0.0000	0.0000
host_host_278	0	1.0000	0.0000	0.0000
host_host_279	0	1.0000	0.0000	0.0000
host_host_280	0	1.0000	0.0000	0.0000
host_host_281	0	1.0000	0.0000	0.0000
host_host_282	0	1.0000	0.0000	0.0000
host_host_283	0	1.0000	0.0000	0.0000
host_host_284	0	1.0000	0.0000	0.0000
host_host_285	0	1.0000	0.0000	0.0000
host_host_286	0	0.6162	0.3838	0.0000
host_host_287	0	1.0000	0.0000	0.0000
host_host_288	0	1.0000	0.0000	0.0000
host_host_289	0	1.0000	0.0000	0.0000
host_host_290	0	1.0000	0.0000	0.0000
host_host_291	0	1.0000	0.0000	0.0000
host_host_292	0	1.0000	0.0000	0.0000
host_host_293	0	1.0000	0.0000	0.0000
host_host_294	0	1.0000	0.0000	0.0000
host_host_295	0	1.0000	0.0000	0.0000
host_host_296	0	1.0000	0.0000	0.0000
host_host_297	0	1.0000	0.0000	0.0000
host_host_298	0	1.0000	0.0000	0.0000
host_host_299	0	1.0000	0.0000	0.0000
host_host_300	0	1.0000	0.0000	0.0000
host_host_301	0	1.0000	0.0000	0.0000
host_host_302	0	1.0000	0.0000	0.0000
host_host_303	0	1.0000	0.0000	0.0000
host_host_304	0	1.0000	0.0000	0.0000
host_host_305	0	1.0000	0.0000	0.0000
host_host_306	0	1.0000	0.0000	0.0000
host_host_307	0	1.0000	0.0000	0.0000
host_host_308	0	1.0000	0.0000	0.0000
host_host_309	0	1.0000	0.0000	0.0000
host_host_310	0	1.0000	0.0000	0.0000
host_host_311	0	1.0000	0.0000	0.0000
host_host_312	0	1.0000	0.0000	0.0000
host_host_313	0	1.0000	0.0000	0.0000
host_host_314	0	1.0000	0.0000	0.0000
host_host_315	0	1.0000	0.0000	0.0000
host_host_316	0	1.0000	0.0000	0.0000
host_host_317	0	1.0000	0.0000	0.0000
host_host_318	0	1.0000	0.0000	0.0000
host_host_319	0	1.0000	0.0000	0.0000
host_host_320	0	1.0000	0.0000	0.0000
host_host_321	0	1.0000	0.0000	0.0000
host_host_322	0	1.0000	0.0000	0.0000
host_host_323	0	1.0000	0.0000	0.0000
host_host_324	0	1.0000	0.0000	0.0000
host_host_325	0	1.0000	0.0000	0.0000
host_host_326	0	1.0000	0.0000	0.0000
host_host_327	0	1.0000	0.0000	0.0000
host_host_328	0	1.0000	0.0000	0.0000
host_host_329	0	1.0000	0.0000	0.0000
host_host_330	0	1.0000	0.0000	0.0000
host_host_331	0	1.0000	0.0000	0.0000
host_host_332	0	1.0000	0.0000	0.0000
host_host_333	0	1.0000	0.0000	0.0000
host_host_334	0	0.9648	0.0352	0.0000
host_host_335	0	1.0000	0.0000	0.0000
host_host_336	0	1.0000	0.0000	0.0000
host_host_337	0	1.0000	0.0000	0.0000
host_host_338	0	1.0000	0.0000	0.0000
host_host_339	0	1.0000	0.0000	0.0000
host_host_340	0	1.0000	0.0000	0.0000
host_host_341	0	1.0000	0.0000	0.0000
host_host_342	0	1.0000	0.0000	0.0000
host_host_343	0	1.0000	0.0000	0.0000
host_host_344	0	0.9806	0.0194	0.0000
host_host_345	0	1.0000	0.0000	0.0000
host_host_346	0	1.0000	0.0000	0.0000
host_host_347	1	0.0000	1.0000	0.0000
host_host_348	0	1.0000	0.0000	0.0000
host_host_349	0	1.0000	0.0000	0.0000
host_host_350	0	1.0000	0.0000	0.0000
host_host_351	0	1.0000	0.0000	0.0000
host_host_352	0	1.0000	0.0000	0.0000
host_host_353	0	1.0000	0.0000	0.0000
host_host_354	0	1.0000	0.0000	0.0000
host_host_355	0	1.0000	0.0000	0.0000
host_host_356	1	0.0000	1.0000	0.0000
host_host_357	0	1.0000	0.0000	0.0000
host_host_358	0	1.0000	0.0000	0.0000
host_host_359	0	1.0000	0.0000	0.0000
host_host_360	0	1.0000	0.0000	0.0000
host_host_361	0	1.0000	0.0000	0.0000
host_host_362	0	1.0000	0.0000	0.0000
host_host_363	0	1.0000	0.0000	0.0000
host_host_364	0	1.0000	0.0000	0.0000
host_host_365	0	1.0000	0.0000	0.0000
host_host_366	0	1.0000	0.0000	0.0000
host_host_367	0	1.0000	0.0000	0.0000
host_host_368	0	1.0000	0.0000	0.0000
host_host_369	0	1.0000	0.0000	0.0000
host_host_370	0	1.0000	0.0000	0.0000
host_host_371	0	1.0000	0.0000	0.0000
host_host_372	0	1.0000	0.0000	0.0000
host_host_373	1	0.0000	1.0000	0.0000
host_host_374	0	1.0000	0.0000	0.0000
host_host_375	0	1.0000	0.0000	0.0000
host_host_376	0	1.0000	0.0000	0.0000
host_host_377	0	1.0000	0.0000	0.0000
host_host_378	0	1.0000	0.0000	0.0000
host_host_379	0	1.0000	0.0000	0.0000
host_host_380	0	1.0000	0.0000	0.0000
foreign_foreign_81	2	0.0000	0.0000	1.0000
foreign_foreign_71	2	0.0000	0.0000	1.0000
foreign_foreign_42	2	0.0000	0.0000	1.0000
foreign_foreign_51	2	0.0000	0.0000	1.0000
foreign_foreign_6	2	0.0000	0.0000	1.0000
foreign_foreign_7	2	0.0000	0.0000	1.0000
host_host_381	0	1.0000	0.0000	0.0000
host_host_382	0	1.0000	0.0000	0.0000
host_host_383	0	1.0000	0.0000	0.0000
host_host_384	0	1.0000	0.0000	0.0000
host_host_385	0	1.0000	0.0000	0.0000
host_host_386	0	1.0000	0.0000	0.0000
host_host_387	0	1.0000	0.0000	0.0000
host_host_388	0	1.0000	0.0000	0.0000
host_host_389	0	1.0000	0.0000	0.0000
host_host_390	0	1.0000	0.0000	0.0000
host_host_391	0	1.0000	0.0000	0.0000
host_host_392	0	1.0000	0.0000	0.0000
host_host_393	0	1.0000	0.0000	0.0000
host_host_394	0	1.0000	0.0000	0.0000
host_host_395	0	1.0000	0.0000	0.0000
host_host_396	0	1.0000	0.0000	0.0000
host_host_397	0	1.0000	0.0000	0.0000
host_host_398	0	1.0000	0.0000	0.0000
host_host_399	0	1.0000	0.0000	0.0000
host_host_400	0	1.0000	0.0000	0.0000
host_host_401	0	1.0000	0.0000	0.0000
host_host_402	0	1.0000	0.0000	0.0000
host_host_403	0	1.0000	0.0000	0.0000
host_host_404	0	1.0000	0.0000	0.0000
host_host_405	1	0.0000	1.0000	0.0000
host_host_406	0	1.0000	0.0000	0.0000
host_host_407	0	1.0000	0.0000	0.0000
host_host_408	0	1.0000	0.0000	0.0000
host_host_409	0	1.0000	0.0000	0.0000
host_host_410	0	1.0000	0.0000	0.0000
host_host_411	0	1.0000	0.0000	0.0000
host_host_412	0	1.0000	0.0000	0.0000
host_host_413	0	1.0000	0.0000	0.0000
host_host_414	0	1.0000	0.0000	0.0000
host_host_415	0	1.0000	0.0000	0.0000
host_host_416	0	1.0000	0.0000	0.0000
host_host_417	0	1.0000	0.0000	0.0000
host_host_418	0	1.0000	0.0000	0.0000
host_host_419	0	1.0000	0.0000	0.0000
host_host_420	0	1.0000	0.0000	0.0000
host_host_421	0	1.0000	0.0000	0.0000
host_host_422	0	1.0000	0.0000	0.0000
host_host_423	0	1.0000	0.0000	0.0000
host_host_424	0	1.0000	0.0000	0.0000
host_host_425	0	1.0000	0.0000	0.0000
host_host_426	0	1.0000	0.0000	0.0000
host_host_427	0	1.0000	0.0000	0.0000
host_host_428	0	1.0000	0.0000	0.0000
host_host_429	0	1.0000	0.0000	0.0000
host_host_430	0	1.0000	0.0000	0.0000
host_host_431	0	1.0000	0.0000	0.0000
host_host_432	0	1.0000	0.0000	0.0000
host_host_433	0	1.0000	0.0000	0.0000
host_host_434	0	1.0000	0.0000	0.0000
host_host_435	0	1.0000	0.0000	0.0000
host_host_436	0	1.0000	0.0000	0.0000
host_host_437	0	1.0000	0.0000	0.0000
host_host_438	0	1.0000	0.0000	0.0000
host_host_439	0	1.0000	0.0000	0.0000
host_host_440	0	1.0000	0.0000	0.0000
host_host_441	0	1.0000	0.0000	0.0000
host_host_442	0	1.0000	0.0000	0.0000
host_host_443	0	1.0000	0.0000	0.0000
host_host_444	0	1.0000	0.0000	0.0000
host_host_445	0	1.0000	0.0000	0.0000
host_host_446	0	1.0000	0.0000	0.0000
host_host_447	0	1.0000	0.0000	0.0000
host_host_448	0	1.0000	0.0000	0.0000
host_host_449	0	1.0000	0.0000	0.0000
host_host_450	0	1.0000	0.0000	0.0000
host_host_451	0	1.0000	0.0000	0.0000
host_host_452	0	1.0000	0.0000	0.0000
host_host_453	1	0.0096	0.9904	0.0000
host_host_454	0	1.0000	0.0000	0.0000
host_host_455	1	0.0001	0.9999	0.0000
host_host_456	0	1.0000	0.0000	0.0000
host_host_457	0	1.0000	0.0000	0.0000
host_host_458	0	1.0000	0.0000	0.0000
host_host_459	1	0.0000	1.0000	0.0000
host_host_460	1	0.3264	0.6736	0.0000
host_host_461	0	1.0000	0.0000	0.0000
host_host_462	0	1.0000	0.0000	0.0000
host_host_463	0	1.0000	0.0000	0.0000
host_host_464	0	1.0000	0.0000	0.0000
host_host_465	0	1.0000	0.0000	0.0000
host_host_466	0	1.0000	0.0000	0.0000
host_host_467	0	1.0000	0.0000	0.0000
ameliorated_foreign_55	2	0.0000	0.0000	1.0000
ameliorated_foreign_28	2	0.0000	0.0000	1.0000
ameliorated_foreign_77	2	0.0000	0.0000	1.0000
ameliorated_foreign_29	2	0.0000	0.0000	1.0000
ameliorated_foreign_22	2	0.0000	0.0000	1.0000
ameliorated_foreign_87	2	0.0000	0.0000	1.0000
ameliorated_foreign_46	2	0.0000	0.0976	0.9024
ameliorated_foreign_95	2	0.0000	0.0000	1.0000
ameliorated_foreign_88	2	0.0000	0.0000	1.0000
ameliorated_foreign_23	2	0.0000	0.0000	1.0000
ameliorated_foreign_21	2	0.0000	0.0000	1.0000
ameliorated_foreign_4	2	0.0000	0.0001	0.9999
host_host_468	0	0.9868	0.0132	0.0000
host_host_469	0	1.0000	0.0000	0.0000
host_host_470	0	1.0000	0.0000	0.0000
host_host_471	0	1.0000	0.0000	0.0000
host_host_472	0	1.0000	0.0000	0.0000
host_host_473	0	1.0000	0.0000	0.0000
host_host_474	0	0.9997	0.0003	0.0000
host_host_475	0	1.0000	0.0000	0.0000
host_host_476	0	1.0000	0.0000	0.0000
host_host_477	0	1.0000	0.0000	0.0000
host_host_478	0	1.0000	0.0000	0.0000
host_host_479	0	0.6282	0.3718	0.0000
host_host_480	0	1.0000	0.0000	0.0000
host_host_481	0	1.0000	0.0000	0.0000
host_host_482	0	1.0000	0.0000	0.0000
host_host_483	0	1.0000	0.0000	0.0000
host_host_484	0	1.0000	0.0000	0.0000
host_host_485	0	1.0000	0.0000	0.0000
host_host_486	0	1.0000	0.0000	0.0000
host_host_487	0	1.0000	0.0000	0.0000
host_host_488	0	1.0000	0.0000	0.0000
host_host_489	0	1.0000	0.0000	0.0000
host_host_490	0	1.0000	0.0000	0.0000
host_host_491	0	1.0000	0.0000	0.0000
host_host_492	0	1.0000	0.0000	0.0000
host_host_493	0	1.0000	0.0000	0.0000
host_host_494	0	1.0000	0.0000	0.0000
host_host_495	0	1.0000	0.0000	0.0000
host_host_496	0	1.0000	0.0000	0.0000
host_host_497	0	1.0000	0.0000	0.0000
host_host_498	0	1.0000	0.0000	0.0000
host_host_499	0	1.0000	0.0000	0.0000
host_host_500	0	1.0000	0.0000	0.0000
host_host_501	0	1.0000	0.0000	0.0000
host_host_502	0	1.0000	0.0000	0.0000
host_host_503	0	1.0000	0.0000	0.0000
host_host_504	0	1.0000	0.0000	0.0000
host_host_505	0	1.0000	0.0000	0.0000
host_host_506	0	1.0000	0.0000	0.0000
host_host_507	0	1.0000	0.0000	0.0000
host_host_508	0	1.0000	0.0000	0.0000
host_host_509	0	1.0000	0.0000	0.0000
host_host_510	0	1.0000	0.0000	0.0000
host_host_511	0	1.0000	0.0000	0.0000
host_host_512	0	1.0000	0.0000	0.0000
host_host_513	0	1.0000	0.0000	0.0000
host_host_514	0	1.0000	0.0000	0.0000
host_host_515	0	1.0000	0.0000	0.0000
host_host_516	0	1.0000	0.0000	0.0000
host_host_517	0	1.0000	0.0000	0.0000
foreign_foreign_8	2	0.0000	0.0000	1.0000
foreign_foreign_65	2	0.0000	0.0000	1.0000
foreign_foreign_43	2	0.0000	0.0000	1.0000
foreign_foreign_3	2	0.0000	0.0000	1.0000
foreign_foreign_97	2	0.0000	0.0000	1.0000
foreign_foreign_17	2	0.0000	0.0000	1.0000
foreign_foreign_13	2	0.0000	0.0000	1.0000
foreign_foreign_96	2	0.0000	0.0000	1.0000
host_host_518	0	0.5638	0.4362	0.0000
host_host_519	0	1.0000	0.0000	0.0000
host_host_520	0	1.0000	0.0000	0.0000
host_host_521	0	1.0000	0.0000	0.0000
host_host_522	0	1.0000	0.0000	0.0000
host_host_523	0	1.0000	0.0000	0.0000
host_host_524	0	1.0000	0.0000	0.0000
host_host_525	0	1.0000	0.0000	0.0000
host_host_526	0	1.0000	0.0000	0.0000
host_host_527	0	1.0000	0.0000	0.0000
host_host_528	0	1.0000	0.0000	0.0000
host_host_529	0	1.0000	0.0000	0.0000
host_host_530	0	0.6364	0.3636	0.0000
host_host_531	0	1.0000	0.0000	0.0000
host_host_532	0	0.9851	0.0149	0.0000
host_host_533	0	0.8402	0.1598	0.0000
host_host_534	0	1.0000	0.0000	0.0000
host_host_535	0	1.0000	0.0000	0.0000
host_host_536	0	1.0000	0.0000	0.0000
host_host_537	0	1.0000	0.0000	0.0000
host_host_538	0	1.0000	0.0000	0.0000
host_host_539	0	1.0000	0.0000	0.0000
host_host_540	0	1.0000	0.0000	0.0000
host_host_541	0	1.0000	0.0000	0.0000
host_host_542	0	1.0000	0.0000	0.0000
host_host_543	0	1.0000	0.0000	0.0000
host_host_544	0	1.0000	0.0000	0.0000
host_host_545	0	1.0000	0.0000	0.0000
host_host_546	0	1.0000	0.0000	0.0000
host_host_547	0	1.0000	0.0000	0.0000
host_host_548	0	1.0000	0.0000	0.0000
host_host_549	0	1.0000	0.0000	0.0000
host_host_550	0	1.0000	0.0000	0.0000
host_host_551	0	1.0000	0.0000	0.0000
host_host_552	0	1.0000	0.0000	0.0000
host_host_553	0	1.0000	0.0000	0.0000
host_host_554	0	1.0000	0.0000	0.0000
host_host_555	0	1.0000	0.0000	0.0000
host_host_556	0	1.0000	0.0000	0.0000
host_host_557	0	1.0000	0.0000	0.0000
host_host_558	0	1.0000	0.0000	0.0000
host_host_559	0	1.0000	0.0000	0.0000
host_host_560	0	1.0000	0.0000	0.0000
host_host_561	0	1.0000	0.0000	0.0000
host_host_562	0	0.9995	0.0005	0.0000
host_host_563	0	1.0000	0.0000	0.0000
host_host_564	0	1.0000	0.0000	0.0000
host_host_565	0	1.0000	0.0000	0.0000
host_host_566	0	1.0000	0.0000	0.0000
host_host_567	0	1.0000	0.0000	0.0000
host_host_568	0	1.0000	0.0000	0.0000
host_host_569	0	1.0000	0.0000	0.0000
host_host_570	0	1.0000	0.0000	0.0000
host_host_571	0	1.0000	0.0000	0.0000
host_host_572	0	1.0000	0.0000	0.0000
host_host_573	0	1.0000	0.0000	0.0000
host_host_574	0	1.0000	0.0000	0.0000
host_host_575	0	1.0000	0.0000	0.0000
host_host_576	0	1.0000	0.0000	0.0000
host_host_577	0	1.0000	0.0000	0.0000
host_host_578	0	1.0000	0.0000	0.0000
host_host_579	0	1.0000	0.0000	0.0000
host_host_580	0	1.0000	0.0000	0.0000
host_host_581	0	1.0000	0.0000	0.0000
host_host_582	0	1.0000	0.0000	0.0000
host_host_583	0	1.0000	0.0000	0.0000
host_host_584	0	1.0000	0.0000	0.0000
host_host_585	0	1.0000	0.0000	0.0000
host_host_586	0	1.0000	0.0000	0.0000
host_host_587	1	0.0000	1.0000	0.0000
host_host_588	0	1.0000	0.0000	0.0000
host_host_589	0	1.0000	0.0000	0.0000
host_host_590	0	1.0000	0.0000	0.0000
host_host_591	0	1.0000	0.0000	0.0000
host_host_592	0	1.0000	0.0000	0.0000
host_host_593	0	1.0000	0.0000	0.0000
host_host_594	0	1.0000	0.0000	0.0000
host_host_595	0	1.0000	0.0000	0.0000
foreign_foreign_64	2	0.0000	0.0000	1.0000
foreign_foreign_11	2	0.0000	0.0000	1.0000
foreign_foreign_45	2	0.0000	0.0000	1.0000
foreign_foreign_14	2	0.0000	0.0000	1.0000
host_host_596	0	1.0000	0.0000	0.0000
host_host_597	0	1.0000	0.0000	0.0000
host_host_598	0	1.0000	0.0000	0.0000
host_host_599	0	1.0000	0.0000	0.0000
host_host_600	0	1.0000	0.0000	0.0000
host_host_601	0	1.0000	0.0000	0.0000
host_host_602	0	1.0000	0.0000	0.0000
host_host_603	1	0.0000	1.0000	0.0000
host_host_604	0	1.0000	0.0000	0.0000
host_host_605	0	1.0000	0.0000	0.0000
host_host_606	0	1.0000	0.0000	0.0000
host_host_607	0	1.0000	0.0000	0.0000
host_host_608	0	1.0000	0.0000	0.0000
host_host_609	0	1.0000	0.0000	0.0000
host_host_610	0	0.9999	0.0001	0.0000
host_host_611	0	1.0000	0.0000	0.0000
host_host_612	0	1.0000	0.0000	0.0000
host_host_613	0	1.0000	0.0000	0.0000
host_host_614	0	1.0000	0.0000	0.0000
host_host_615	0	1.0000	0.0000	0.0000
host_host_616	0	1.0000	0.0000	0.0000
host_host_617	0	1.0000	0.0000	0.0000
host_host_618	0	1.0000	0.0000	0.0000
host_host_619	0	1.0000	0.0000	0.0000
host_host_620	0	1.0000	0.0000	0.0000
host_host_621	0	1.0000	0.0000	0.0000
host_host_622	0	1.0000	0.0000	0.0000
host_host_623	0	1.0000	0.0000	0.0000
host_host_624	0	1.0000	0.0000	0.0000
host_host_625	0	1.0000	0.0000	0.0000
host_host_626	0	1.0000	0.0000	0.0000
host_host_627	0	1.0000	0.0000	0.0000
host_host_628	0	1.0000	0.0000	0.0000
foreign_foreign_18	1	0.0000	0.9873	0.0127
foreign_foreign_57	2	0.0000	0.0000	1.0000
foreign_foreign_72	2	0.0000	0.0000	1.0000
host_host_629	0	1.0000	0.0000	0.0000
host_host_630	1	0.0182	0.9818	0.0000
host_host_631	0	1.0000	0.0000	0.0000
host_host_632	0	1.0000	0.0000	0.0000
host_host_633	0	1.0000	0.0000	0.0000
host_host_634	0	1.0000	0.0000	0.0000
host_host_635	0	1.0000	0.0000	0.0000
host_host_636	0	1.0000	0.0000	0.0000
host_host_637	0	1.0000	0.0000	0.0000
host_host_638	0	1.0000	0.0000	0.0000
host_host_639	0	1.0000	0.0000	0.0000
host_host_640	0	1.0000	0.0000	0.0000
host_host_641	0	1.0000	0.0000	0.0000
ameliorated_foreign_2	2	0.0000	0.0000	1.0000
ameliorated_foreign_73	2	0.0000	0.0000	1.0000
ameliorated_foreign_31	2	0.0000	0.0000	1.0000
ameliorated_foreign_60	2	0.0000	0.0000	1.0000
ameliorated_foreign_40	2	0.0001	0.0000	0.9999
ameliorated_foreign_48	2	0.0000	0.0000	1.0000
host_host_642	0	1.0000	0.0000	0.0000
host_host_643	0	1.0000	0.0000	0.0000
host_host_644	0	1.0000	0.0000	0.0000
host_host_645	0	1.0000	0.0000	0.0000
host_host_646	0	1.0000	0.0000	0.0000
host_host_647	0	1.0000	0.0000	0.0000
host_host_648	0	1.0000	0.0000	0.0000
host_host_649	0	1.0000	0.0000	0.0000
host_host_650	0	1.0000	0.0000	0.0000
host_host_651	0	1.0000	0.0000	0.0000
host_host_652	0	1.0000	0.0000	0.0000
host_host_653	0	1.0000	0.0000	0.0000
host_host_654	0	1.0000	0.0000	0.0000
host_host_655	0	1.0000	0.0000	0.0000
host_host_656	0	1.0000	0.0000	0.0000
host_host_657	0	1.0000	0.0000	0.0000
host_host_658	0	1.0000	0.0000	0.0000
host_host_659	0	1.0000	0.0000	0.0000
host_host_660	0	1.0000	0.0000	0.0000
host_host_661	0	1.0000	0.0000	0.0000
host_host_662	0	1.0000	0.0000	0.0000
host_host_663	0	1.0000	0.0000	0.0000
host_host_664	0	1.0000	0.0000	0.0000
host_host_665	0	0.9998	0.0002	0.0000
host_host_666	0	1.0000	0.0000	0.0000
host_host_667	0	0.9887	0.0113	0.0000
host_host_668	0	1.0000	0.0000	0.0000
host_host_669	1	0.4778	0.5222	0.0000
host_host_670	0	1.0000	0.0000	0.0000
host_host_671	0	1.0000	0.0000	0.0000
host_host_672	0	1.0000	0.0000	0.0000
host_host_673	0	1.0000	0.0000	0.0000
host_host_674	0	1.0000	0.0000	0.0000
host_host_675	0	1.0000	0.0000	0.0000
host_host_676	1	0.4141	0.5859	0.0000
host_host_677	0	1.0000	0.0000	0.0000
host_host_678	0	1.0000	0.0000	0.0000
host_host_679	0	1.0000	0.0000	0.0000
host_host_680	0	1.0000	0.0000	0.0000
host_host_681	0	1.0000	0.0000	0.0000
host_host_682	0	1.0000	0.0000	0.0000
host_host_683	0	1.0000	0.0000	0.0000
host_host_684	0	1.0000	0.0000	0.0000
host_host_685	0	1.0000	0.0000	0.0000
host_host_686	0	1.0000	0.0000	0.0000
host_host_687	0	1.0000	0.0000	0.0000
host_host_688	0	1.0000	0.0000	0.0000
host_host_689	0	1.0000	0.0000	0.0000
host_host_690	0	1.0000	0.0000	0.0000
host_host_691	0	1.0000	0.0000	0.0000
host_host_692	0	1.0000	0.0000	0.0000
host_host_693	0	1.0000	0.0000	0.0000
host_host_694	0	1.0000	0.0000	0.0000
host_host_695	0	1.0000	0.0000	0.0000
host_host_696	0	1.0000	0.0000	0.0000
host_host_697	0	1.0000	0.0000	0.0000
host_host_698	0	1.0000	0.0000	0.0000
host_host_699	0	1.0000	0.0000	0.0000
host_host_700	0	1.0000	0.0000	0.0000
host_host_701	0	1.0000	0.0000	0.0000
host_host_702	0	1.0000	0.0000	0.0000
host_host_703	0	1.0000	0.0000	0.0000
host_host_704	1	0.0000	1.0000	0.0000
host_host_705	0	1.0000	0.0000	0.0000
host_host_706	0	1.0000	0.0000	0.0000
host_host_707	0	1.0000	0.0000	0.0000
host_host_708	0	1.0000	0.0000	0.0000
host_host_709	0	1.0000	0.0000	0.0000
host_host_710	0	1.0000	0.0000	0.0000
host_host_711	0	1.0000	0.0000	0.0000
host_host_712	0	1.0000	0.0000	0.0000
host_host_713	0	1.0000	0.0000	0.0000
host_host_714	0	1.0000	0.0000	0.0000
host_host_715	0	1.0000	0.0000	0.0000
host_host_716	0	1.0000	0.0000	0.0000
host_host_717	0	1.0000	0.0000	0.0000
host_host_718	0	1.0000	0.0000	0.0000
host_host_719	0	1.0000	0.0000	0.0000
host_host_720	0	1.0000	0.0000	0.0000
host_host_721	0	1.0000	0.0000	0.0000
host_host_722	0	1.0000	0.0000	0.0000
host_host_723	0	1.0000	0.0000	0.0000
host_host_724	0	1.0000	0.0000	0.0000
host_host_725	0	1.0000	0.0000	0.0000
host_host_726	0	1.0000	0.0000	0.0000
host_host_727	0	1.0000	0.0000	0.0000
host_host_728	0	1.0000	0.0000	0.0000
host_host_729	0	1.0000	0.0000	0.0000
host_host_730	0	1.0000	0.0000	0.0000
host_host_731	0	1.0000	0.0000	0.0000
host_host_732	0	1.0000	0.0000	0.0000
host_host_733	0	1.0000	0.0000	0.0000
host_host_734	0	1.0000	0.0000	0.0000
host_host_735	0	1.0000	0.0000	0.0000
host_host_736	0	1.0000	0.0000	0.0000
host_host_737	0	1.0000	0.0000	0.0000
host_host_738	0	1.0000	0.0000	0.0000
host_host_739	1	0.0001	0.9997	0.0002
host_host_740	0	1.0000	0.0000	0.0000
host_host_741	0	1.0000	0.0000	0.0000
host_host_742	0	1.0000	0.0000	0.0000
host_host_743	0	1.0000	0.0000	0.0000
host_host_744	0	1.0000	0.0000	0.0000
host_host_745	0	1.0000	0.0000	0.0000
host_host_746	0	1.0000	0.0000	0.0000
host_host_747	0	1.0000	0.0000	0.0000
host_host_748	0	1.0000	0.0000	0.0000
host_host_749	0	1.0000	0.0000	0.0000
host_host_750	0	1.0000	0.0000	0.0000
host_host_751	0	1.0000	0.0000	0.0000
host_host_752	0	1.0000	0.0000	0.0000
host_host_753	1	0.0000	1.0000	0.0000
host_host_754	0	1.0000	0.0000	0.0000
host_host_755	0	1.0000	0.0000	0.0000
host_host_756	0	1.0000	0.0000	0.0000
host_host_757	0	1.0000	0.0000	0.0000
host_host_758	0	1.0000	0.0000	0.0000
host_host_759	0	1.0000	0.0000	0.0000
host_host_760	0	1.0000	0.0000	0.0000
host_host_761	0	1.0000	0.0000	0.0000
host_host_762	0	1.0000	0.0000	0.0000
host_host_763	0	1.0000	0.0000	0.0000
host_host_764	0	1.0000	0.0000	0.0000
host_host_765	1	0.0000	1.0000	0.0000
host_host_766	1	0.0000	1.0000	0.0000
host_host_767	0	1.0000	0.0000	0.0000
host_host_768	0	1.0000	0.0000	0.0000
host_host_769	0	1.0000	0.0000	0.0000
host_host_770	0	1.0000	0.0000	0.0000
host_host_771	0	1.0000	0.0000	0.0000
host_host_772	0	1.0000	0.0000	0.0000
host_host_773	0	1.0000	0.0000	0.0000
host_host_774	0	1.0000	0.0000	0.0000
host_host_775	0	1.0000	0.0000	0.0000
host_host_776	0	1.0000	0.0000	0.0000
host_host_777	0	1.0000	0.0000	0.0000
host_host_778	0	1.0000	0.0000	0.0000
host_host_779	0	0.9991	0.0009	0.0000
host_host_780	0	1.0000	0.0000	0.0000
host_host_781	0	1.0000	0.0000	0.0000
host_host_782	0	1.0000	0.0000	0.0000
host_host_783	0	1.0000	0.0000	0.0000
host_host_784	0	1.0000	0.0000	0.0000
host_host_785	0	1.0000	0.0000	0.0000
host_host_786	0	1.0000	0.0000	0.0000
host_host_787	0	1.0000	0.0000	0.0000
host_host_788	0	1.0000	0.0000	0.0000
host_host_789	0	1.0000	0.0000	0.0000
host_host_790	0	1.0000	0.0000	0.0000
host_host_791	0	1.0000	0.0000	0.0000
host_host_792	0	1.0000	0.0000	0.0000
host_host_793	0	1.0000	0.0000	0.0000
host_host_794	0	1.0000	0.0000	0.0000
host_host_795	0	1.0000	0.0000	0.0000
host_host_796	0	1.0000	0.0000	0.0000
host_host_797	0	1.0000	0.0000	0.0000
host_host_798	0	1.0000	0.0000	0.0000
host_host_799	0	1.0000	0.0000	0.0000
host_host_800	0	1.0000	0.0000	0.0000
host_host_801	0	1.0000	0.0000	0.0000
host_host_802	0	1.0000	0.0000	0.0000
host_host_803	0	1.0000	0.0000	0.0000
host_host_804	0	1.0000	0.0000	0.0000
host_host_805	0	1.0000	0.0000	0.0000
host_host_806	0	1.0000	0.0000	0.0000
host_host_807	0	1.0000	0.0000	0.0000
host_host_808	0	1.0000	0.0000	0.0000
host_host_809	0	1.0000	0.0000	0.0000
host_host_810	0	1.0000	0.0000	0.0000
host_host_811	0	1.0000	0.0000	0.0000
host_host_812	0	1.0000	0.0000	0.0000
host_host_813	0	1.0000	0.0000	0.0000
host_host_814	0	1.0000	0.0000	0.0000
host_host_815	0	1.0000	0.0000	0.0000
host_host_816	0	1.0000	0.0000	0.0000
host_host_817	0	1.0000	0.0000	0.0000
host_host_818	0	1.0000	0.0000	0.0000
host_host_819	0	1.0000	0.0000	0.0000
host_host_820	1	0.2004	0.7996	0.0000
host_host_821	0	1.0000	0.0000	0.0000
host_host_822	0	1.0000	0.0000	0.0000
host_host_823	0	1.0000	0.0000	0.0000
host_host_824	0	1.0000	0.0000	0.0000
host_host_825	0	1.0000	0.0000	0.0000
host_host_826	0	1.0000	0.0000	0.0000
host_host_827	0	1.0000	0.0000	0.0000
host_host_828	0	1.0000	0.0000	0.0000
host_host_829	0	1.0000	0.0000	0.0000
host_host_830	0	1.0000	0.0000	0.0000
host_host_831	0	1.0000	0.0000	0.0000
host_host_832	0	1.0000	0.0000	0.0000
host_host_833	0	1.0000	0.0000	0.0000
host_host_834	0	1.0000	0.0000	0.0000
host_host_835	0	1.0000	0.0000	0.0000
host_host_836	0	1.0000	0.0000	0.0000
host_host_837	0	1.0000	0.0000	0.0000
host_host_838	0	1.0000	0.0000	0.0000
host_host_839	0	1.0000	0.0000	0.0000
host_host_840	0	1.0000	0.0000	0.0000
host_host_841	0	1.0000	0.0000	0.0000
host_host_842	0	1.0000	0.0000	0.0000
host_host_843	0	1.0000	0.0000	0.0000
host_host_844	0	1.0000	0.0000	0.0000
host_host_845	0	1.0000	0.0000	0.0000
host_host_846	0	1.0000	0.0000	0.0000
host_host_847	1	0.0270	0.9730	0.0000
host_host_848	0	1.0000	0.0000	0.0000
host_host_849	0	1.0000	0.0000	0.0000
host_host_850	0	1.0000	0.0000	0.0000
host_host_851	1	0.3490	0.6510	0.0000
host_host_852	0	1.0000	0.0000	0.0000
host_host_853	0	1.0000	0.0000	0.0000
host_host_854	0	0.9400	0.0600	0.0000
host_host_855	0	1.0000	0.0000	0.0000
host_host_856	0	1.0000	0.0000	0.0000
host_host_857	0	1.0000	0.0000	0.0000
host_host_858	0	1.0000	0.0000	0.0000
host_host_859	0	1.0000	0.0000	0.0000
host_host_860	0	1.0000	0.0000	0.0000
host_host_861	0	1.0000	0.0000	0.0000
host_host_862	0	1.0000	0.0000	0.0000
host_host_863	0	1.0000	0.0000	0.0000
host_host_864	0	1.0000	0.0000	0.0000
host_host_865	0	1.0000	0.0000	0.0000
host_host_866	0	1.0000	0.0000	0.0000
host_host_867	0	1.0000	0.0000	0.0000
host_host_868	0	1.0000	0.0000	0.0000
host_host_869	0	1.0000	0.0000	0.0000
host_host_870	0	1.0000	0.0000	0.0000
host_host_871	0	1.0000	0.0000	0.0000
host_host_872	0	1.0000	0.0000	0.0000
host_host_873	0	1.0000	0.0000	0.0000
host_host_874	0	1.0000	0.0000	0.0000
host_host_875	0	1.0000	0.0000	0.0000
host_host_876	1	0.0015	0.9985	0.0000
host_host_877	0	1.0000	0.0000	0.0000
host_host_878	0	1.0000	0.0000	0.0000
host_host_879	0	1.0000	0.0000	0.0000
host_host_880	0	1.0000	0.0000	0.0000
host_host_881	0	1.0000	0.0000	0.0000
host_host_882	0	1.0000	0.0000	0.0000
host_host_883	0	1.0000	0.0000	0.0000
host_host_884	0	1.0000	0.0000	0.0000
host_host_885	0	1.0000	0.0000	0.0000
host_host_886	0	1.0000	0.0000	0.0000
host_host_887	0	1.0000	0.0000	0.0000
host_host_888	0	1.0000	0.0000	0.0000
host_host_889	0	1.0000	0.0000	0.0000
host_host_890	0	1.0000	0.0000	0.0000
host_host_891	0	1.0000	0.0000	0.0000
host_host_892	0	1.0000	0.0000	0.0000
host_host_893	0	1.0000	0.0000	0.0000
host_host_894	0	1.0000	0.0000	0.0000
host_host_895	0	1.0000	0.0000	0.0000
host_host_896	0	1.0000	0.0000	0.0000
host_host_897	0	1.0000	0.0000	0.0000
host_host_898	0	1.0000	0.0000	0.0000
host_host_899	0	1.0000	0.0000	0.0000
host_host_900	0	1.0000	0.0000	0.0000
host_host_901	0	1.0000	0.0000	0.0000
host_host_902	0	1.0000	0.0000	0.0000
host_host_903	0	1.0000	0.0000	0.0000
host_host_904	0	1.0000	0.0000	0.0000
host_host_905	0	1.0000	0.0000	0.0000
host_host_906	0	1.0000	0.0000	0.0000
host_host_907	0	1.0000	0.0000	0.0000
host_host_908	0	1.0000	0.0000	0.0000
host_host_909	0	1.0000	0.0000	0.0000
host_host_910	0	1.0000	0.0000	0.0000
host_host_911	0	1.0000	0.0000	0.0000
host_host_912	0	1.0000	0.0000	0.0000
host_host_913	0	1.0000	0.0000	0.0000
host_host_914	0	1.0000	0.0000	0.0000
host_host_915	0	1.0000	0.0000	0.0000
host_host_916	0	1.0000	0.0000	0.0000
host_host_917	0	1.0000	0.0000	0.0000
host_host_918	0	1.0000	0.0000	0.0000
host_host_919	0	1.0000	0.0000	0.0000
host_host_920	0	1.0000	0.0000	0.0000
host_host_921	0	1.0000	0.0000	0.0000
host_host_922	0	1.0000	0.0000	0.0000
host_host_923	0	1.0000	0.0000	0.0000
host_host_924	0	1.0000	0.0000	0.0000
host_host_925	0	1.0000	0.0000	0.0000
host_host_926	0	1.0000	0.0000	0.0000
host_host_927	0	1.0000	0.0000	0.0000
host_host_928	0	1.0000	0.0000	0.0000
host_host_929	0	1.0000	0.0000	0.0000
host_host_930	0	1.0000	0.0000	0.0000
host_host_931	0	1.0000	0.0000	0.0000
host_host_932	1	0.0000	1.0000	0.0000
host_host_933	0	1.0000	0.0000	0.0000
host_host_934	0	1.0000	0.0000	0.0000
host_host_935	0	1.0000	0.0000	0.0000
host_host_936	0	1.0000	0.0000	0.0000
host_host_937	0	1.0000	0.0000	0.0000
host_host_938	0	1.0000	0.0000	0.0000
host_host_939	0	1.0000	0.0000	0.0000
host_host_940	0	1.0000	0.0000	0.0000
host_host_941	0	1.0000	0.0000	0.0000
host_host_942	0	1.0000	0.0000	0.0000
host_host_943	0	1.0000	0.0000	0.0000
host_host_944	0	1.0000	0.0000	0.0000
host_host_945	0	1.0000	0.0000	0.0000
host_host_946	0	1.0000	0.0000	0.0000
host_host_947	0	1.0000	0.0000	0.0000
host_host_948	0	1.0000	0.0000	0.0000
host_host_949	0	1.0000	0.0000	0.0000
host_host_950	0	1.0000	0.0000	0.0000
host_host_951	0	1.0000	0.0000	0.0000
host_host_952	0	1.0000	0.0000	0.0000
host_host_953	0	1.0000	0.0000	0.0000
host_host_954	0	1.0000	0.0000	0.0000
host_host_955	0	1.0000	0.0000	0.0000
host_host_956	0	1.0000	0.0000	0.0000
host_host_957	0	1.0000	0.0000	0.0000
host_host_958	0	1.0000	0.0000	0.0000
host_host_959	0	1.0000	0.0000	0.0000
host_host_960	0	1.0000	0.0000	0.0000
host_host_961	0	1.0000	0.0000	0.0000
host_host_962	0	1.0000	0.0000	0.0000
host_host_963	0	1.0000	0.0000	0.0000
host_host_964	0	1.0000	0.0000	0.0000
host_host_965	0	1.0000	0.0000	0.0000
host_host_966	0	1.0000	0.0000	0.0000
host_host_967	0	1.0000	0.0000	0.0000
host_host_968	0	1.0000	0.0000	0.0000
host_host_969	0	1.0000	0.0000	0.0000
host_host_970	1	0.0000	1.0000	0.0000
host_host_971	0	1.0000	0.0000	0.0000
host_host_972	0	1.0000	0.0000	0.0000
host_host_973	0	1.0000	0.0000	0.0000
host_host_974	0	1.0000	0.0000	0.0000
host_host_975	0	1.0000	0.0000	0.0000
host_host_976	0	1.0000	0.0000	0.0000
host_host_977	0	1.0000	0.0000	0.0000
host_host_978	0	1.0000	0.0000	0.0000
host_host_979	0	1.0000	0.0000	0.0000
host_host_980	0	1.0000	0.0000	0.0000
host_host_981	0	1.0000	0.0000	0.0000
host_host_982	0	1.0000	0.0000	0.0000
host_host_983	0	1.0000	0.0000	0.0000
host_host_984	0	1.0000	0.0000	0.0000
host_host_985	0	1.0000	0.0000	0.0000
host_host_986	0	1.0000	0.0000	0.0000
host_host_987	0	1.0000	0.0000	0.0000
host_host_988	0	1.0000	0.0000	0.0000
host_host_989	0	1.0000	0.0000	0.0000
host_host_990	1	0.0004	0.9996	0.0000
host_host_991	0	1.0000	0.0000	0.0000
host_host_992	0	1.0000	0.0000	0.0000
host_host_993	0	1.0000	0.0000	0.0000
host_host_994	0	1.0000	0.0000	0.0000
host_host_995	0	1.0000	0.0000	0.0000
host_host_996	0	1.0000	0.0000	0.0000
host_host_997	0	1.0000	0.0000	0.0000
host_host_998	0	1.0000	0.0000	0.0000
host_host_999	0	1.0000	0.0000	0.0000
